{
  "0": [
    0.1351625770330429,
    -0.7745837569236755,
    0.23852764070034027,
    -0.06048959121108055,
    0.03517333045601845,
    0.8156693577766418,
    0.6090430617332458,
    -0.982153594493866,
    0.3420804440975189,
    -0.7472484707832336
  ],
  "1": [
    -0.3358480632305145,
    0.031470369547605515,
    0.6381040811538696,
    0.6439459323883057,
    0.05928504467010498,
    0.9818115830421448,
    0.7539833784103394,
    0.8492370843887329,
    -0.6798495054244995,
    -0.7906252145767212
  ],
  "2": [
    -0.7748811841011047,
    0.6696957945823669,
    0.8541759252548218,
    -0.8114657998085022,
    0.9763186573982239,
    -0.190451517701149,
    -0.5320926308631897,
    0.18912209570407867,
    0.8278484344482422,
    -0.20778094232082367
  ],
  "3": [
    -0.34483829140663147,
    -0.3775192201137543,
    0.023362617939710617,
    -0.19734914600849152,
    -0.2415873110294342,
    0.9040368795394897,
    -0.05808013305068016,
    -0.7179646492004395,
    -0.06808879226446152,
    -0.8550711274147034
  ],
  "4": [
    -0.9251195192337036,
    -0.591912031173706,
    0.7868687510490417,
    0.8260305523872375,
    0.6368197202682495,
    -0.35410866141319275,
    0.7027664184570312,
    0.5674466490745544,
    0.9929258227348328,
    -0.7883790135383606
  ],
  "5": [
    0.004971314687281847,
    -0.03323934227228165,
    -0.3839997947216034,
    0.6311023235321045,
    0.4940008819103241,
    -0.25082993507385254,
    0.6314560174942017,
    0.4301315248012543,
    -0.5008550882339478,
    -0.9623141884803772
  ],
  "6": [
    0.2880997657775879,
    -0.2133331149816513,
    -0.16969479620456696,
    0.14125879108905792,
    0.2019905298948288,
    -0.05387483537197113,
    0.5839484333992004,
    0.4773847758769989,
    0.013437099754810333,
    0.5668714642524719
  ]
}
