{
  "0": [
    0.06962041556835175,
    -0.8353321552276611,
    0.8288593292236328,
    -0.529238224029541
  ],
  "1": [
    0.38487234711647034,
    -0.49326422810554504,
    -0.09894592314958572,
    0.7500625848770142
  ],
  "2": [
    -0.8372406363487244,
    0.5955379605293274,
    0.4864223897457123,
    -0.32544225454330444
  ],
  "3": [
    -0.11645901203155518,
    0.4033347964286804,
    -0.13661688566207886,
    -0.9645473957061768
  ],
  "4": [
    0.8759586811065674,
    -0.47848087549209595,
    0.9815104603767395,
    -0.7434249520301819
  ]
}
